{
	"lstm_1_minmax_100": 9.500872659008878e-07,
	"lstm_1_minmax_200": 8.645780622269462e-07,
	"lstm_1_minmax_300": 7.381411173518933e-07,
	"lstm_1_minmax_400": 6.530160461423998e-07,
	"lstm_1_minmax_500": 5.824253652741163e-07,
	"lstm_1_minmax_600": 5.227276535514026e-07,
	"lstm_1_minmax_700": 4.747661192870519e-07,
	"lstm_1_minmax_800": 4.3834820642280153e-07,
	"lstm_1_minmax_900": 4.1115948692653824e-07,
	"lstm_1_minmax_1000": 3.8744036853661765e-07,
	"lstm_1_std_100": 8.483474195532957e-05,
	"lstm_1_std_200": 6.40571242796589e-05,
	"lstm_1_std_300": 5.8661218055111605e-05,
	"lstm_1_std_400": 5.5445137844290787e-05,
	"lstm_1_std_500": 5.3235415461577224e-05,
	"lstm_1_std_600": 5.1586524299953297e-05,
	"lstm_1_std_700": 5.031408774289867e-05,
	"lstm_1_std_800": 4.93139857552552e-05,
	"lstm_1_std_900": 4.8525526931543335e-05,
	"lstm_1_std_1000": 4.79120574804487e-05,
	"lstm_2_minmax_100": 5.975489727996008e-06,
	"lstm_2_minmax_200": 3.5029454152402394e-06,
	"lstm_2_minmax_300": 2.9027983615921165e-06,
	"lstm_2_minmax_400": 2.598623793472916e-06,
	"lstm_2_minmax_500": 2.3728538288892906e-06,
	"lstm_2_minmax_600": 2.1525694805364177e-06,
	"lstm_2_minmax_700": 1.9429731363445423e-06,
	"lstm_2_minmax_800": 1.7576835929386077e-06,
	"lstm_2_minmax_900": 1.6013257877745323e-06,
	"lstm_2_minmax_1000": 1.471769086434887e-06,
	"lstm_2_std_100": 5.822964517687904e-05,
	"lstm_2_std_200": 4.343449191659229e-05,
	"lstm_2_std_300": 3.896148935441048e-05,
	"lstm_2_std_400": 3.6456359636566246e-05,
	"lstm_2_std_500": 3.471372143137728e-05,
	"lstm_2_std_600": 3.3384801183364393e-05,
	"lstm_2_std_700": 3.234474680701278e-05,
	"lstm_2_std_800": 3.1521515123974555e-05,
	"lstm_2_std_900": 3.086194542313692e-05,
	"lstm_2_std_1000": 3.0325179681871583e-05,
	"gru_1_minmax_100": 2.0353726140524305e-06,
	"gru_1_minmax_200": 1.0723126864965523e-06,
	"gru_1_minmax_300": 1.0964325914362315e-06,
	"gru_1_minmax_400": 1.0359647643306982e-06,
	"gru_1_minmax_500": 9.669214983432858e-07,
	"gru_1_minmax_600": 9.059028890699691e-07,
	"gru_1_minmax_700": 8.432389541331882e-07,
	"gru_1_minmax_800": 7.844935730796319e-07,
	"gru_1_minmax_900": 7.303298070901407e-07,
	"gru_1_minmax_1000": 6.804197448444678e-07,
	"gru_1_std_100": 6.272474172350512e-05,
	"gru_1_std_200": 3.9458055399243326e-05,
	"gru_1_std_300": 3.279402134517689e-05,
	"gru_1_std_400": 2.9695356572103478e-05,
	"gru_1_std_500": 2.7228157241080285e-05,
	"gru_1_std_600": 2.5233305213940707e-05,
	"gru_1_std_700": 2.3559200855659066e-05,
	"gru_1_std_800": 2.212700525027895e-05,
	"gru_1_std_900": 2.0889273630006673e-05,
	"gru_1_std_1000": 1.981163892917624e-05,
	"gru_2_minmax_100": 1.912500731936121e-06,
	"gru_2_minmax_200": 9.697895930742984e-07,
	"gru_2_minmax_300": 6.839550370650907e-07,
	"gru_2_minmax_400": 4.930311880131479e-07,
	"gru_2_minmax_500": 3.4577867744186594e-07,
	"gru_2_minmax_600": 2.3891379322652896e-07,
	"gru_2_minmax_700": 1.6924598543369615e-07,
	"gru_2_minmax_800": 1.2507970495364583e-07,
	"gru_2_minmax_900": 9.685614631328837e-08,
	"gru_2_minmax_1000": 8.071219441256703e-08,
	"gru_2_std_100": 0.00010281535106710655,
	"gru_2_std_200": 5.055133944752619e-05,
	"gru_2_std_300": 4.326774032944104e-05,
	"gru_2_std_400": 4.031409889585005e-05,
	"gru_2_std_500": 3.889867319242594e-05,
	"gru_2_std_600": 3.8046193016974265e-05,
	"gru_2_std_700": 3.73982258799367e-05,
	"gru_2_std_800": 3.6849157450186866e-05,
	"gru_2_std_900": 3.6330096852060456e-05,
	"gru_2_std_1000": 3.5894434688357675e-05
}